Parte;Fecha;Concejo;IGP;Lat;Lon;Superficie
;;;;43.032 ;-5.778;
;;;;43.142 ;-5.792;100
;;;;43.142;-5.792;
;;;Moderado (1);43.161;-6.390;100
;27/02/2026 4:03;;;43.161;-5.887;5
;24/02/2026 21:30;;;43.164;-5.885;40
;;;;43.245;-5.803;
;02/03/2026 0:00;;Moderado (1);43.252;-5.090;
;24/02/2026 15:32;;;43.253;-5.144;5
;;;Bajo (0);43.256;-5.140;5
;26/02/2026 16:59;;;43.271;-5.150;
;;;;43.287;-5.368;
;;;;43.303;-5.335;
;;;;43.338;-4.649;35
;;;;43.349; -4.993;
;26/02/2026 17:11;;;43.354 ;-4.667;
;;;;43.377;-4.810;35
;;;;43.394;-5.037;
;26/02/2026 17:11;;;43.1680;-6.3998;
;01/03/2026 15:14;;;43.2322;-5.5479;0,5
;01/03/2026 15:32;;;43.2665;-6.1692;3
;01/03/2026 14:38;;Moderado (1);43.2706;-6.1758;2
0775-08042026;08/04/2026 21:16;Onís;;43.3021;-4.9496;
;03/03/2026 23:14;;Bajo (0);43.3067;-6.1079;6
;27/02/2026 3:50;;;43.4855;-6.3333;9
0502-05042026;05/04/2026 13:16;Lena;;43.05213;-5.86644;
1014-04042026;04/04/2026 19:46;Aller;Bajo (0);43.15177;-5.72693;
0846-06042026;06/04/2026 21:16;Ponga;;43.18103;-5.17371;
1090-04042026;04/04/2026 20:46;Proaza;;43.25597;-5.99375;
0160-06042026;06/04/2026 8:31;Amieva;;43.25703;-5.08901;
0994-06042026;06/04/2026 23:46;Amieva;Bajo (0);43.25703;-5.08901;
0828-04042026;04/04/2026 17:01;Piloña;;43.31466;-5.32712;5
1054-05042026;05/04/2026 21:46;Piloña;;43.31466;-5.32712;5
0678-08042026;08/04/2026 19:46;Piloña;;43.33807;-5.28698;50
0571-04042026;04/04/2026 13:46;Siero;;43.35689;-5.70008;
0744-02042026;02/04/2026 17:31;Oviedo;;43.35693;-5.87486;
0648-03042026;03/04/2026 14:46;Oviedo;;43.35693;-5.87486;
1145-04042026;04/04/2026 21:16;Piloña;;43.35966;-5.28617;
;03/03/2026 20:10;;Bajo (0);43.40333;-5.04583;
1234-04042026;04/04/2026 22:46;Siero;;43.44601;-5.73907;
0757-03042026;03/04/2026 16:46;Degaña;Moderado (1);42.946692;-6.4896;1
0964-05042026;05/04/2026 20:16;Lena;;43.031356;-5.78155;
0739-27032026;31/03/2026 16:46;Cangas del Narcea;;43.035276;-6.57251;
0895-06042026;07/04/2026 5:46;Morcín;;43.063604;-5.90945;
0534-04042026;04/04/2026 13:01;Lena;;43.066665;-5.82184;
0963-06042026;06/04/2026 23:01;Lena;Moderado (1);43.081426;-5.85938;28
0157-03042026;03/04/2026 8:01;Cangas del Narcea;Moderado (1);43.082684;-6.47802;5
1217-04042026;04/04/2026 22:31;Aller;;43.106219;-5.57262;
0935-06042026;06/04/2026 22:46;Cangas del Narcea;Bajo (0);43.137573;-6.58644;
0788-02042026;02/04/2026 18:16;Lena;;43.160115;-5.82892;
;;;;43.194722;-5.159722;
0482-06042026;06/04/2026 15:01;Ponga;Bajo (0);43.200632;-5.21177;
0856-05042026;05/04/2026 18:31;Cangas del Narcea;;43.200922;-6.61406;
0912-06042026;06/04/2026 22:16;Cangas del Narcea;Bajo (0);43.200922;-6.61406;30
0867-06042026;06/04/2026 21:31;Cangas del Narcea;;43.201781;-6.6547;
0847-04042026;04/04/2026 17:16;Sobrescobio;Bajo (0);43.203479;-5.44478;0,5
0315-06042026;06/04/2026 13:30;Allande;;43.208217;-6.60039;50
0942-06042026;06/04/2026 22:46;Laviana;;43.211565;-5.58315;15
0655-08042026;08/04/2026 19:16;Sobrescobio;;43.220963;-5.45452;
0681-05042026;05/04/2026 16:16;Riosa;;43.222577;-5.88082;
0636-07042026;07/04/2026 18:16;Belmonte de Miranda;;43.228865;-6.27163;
0772-05042026;05/04/2026 17:31;Cabrales;;43.233071;-4.74808;
;;;;43.234528;-5.592809;60
1207-04042026;04/04/2026 22:16;Belmonte de Miranda;;43.236232;-6.25103;
1153-04042026;04/04/2026 21:31;Proaza;;43.239185;-6.01204;
0795-06042026;06/04/2026 20:31;Proaza;;43.239185;-6.01204;3
0864-06042026;06/04/2026 21:31;Cabrales;;43.255712;-4.82961;2
0851-06042026;07/04/2026 8:01;Cabrales;;43.258904;-4.83662;
0331-08042026;08/04/2026 13:01;Amieva;;43.259473;-5.14385;5
0403-06042026;06/04/2026 13:46;Grado;;43.262478;-6.15677;
0749-08042026;08/04/2026 20:46;Cabrales;;43.263063;-4.77568;
0540-07042026;07/04/2026 16:31;Morcín;;43.268087;-5.87528;
1001-06042026;07/04/2026 0:01;San Martín del Rey Aurelio;;43.273383;-5.58933;
;03/03/2026 8:26;;Moderado (1);43.273432;5.397223;
0377-06042026;06/04/2026 13:30;San Martín del Rey Aurelio;;43.276878;-5.6079;
0610-06042026;06/04/2026 17:16;San Martín de Oscos;;43.277125;-6.94764;
0736-07042026;07/04/2026 20:01;Piloña;;43.278892;-5.35238;30
0470-07042026;07/04/2026 15:31;Yernes y Tameza;;43.279557;-6.11004;
1061-04042026;04/04/2026 20:16;Proaza;Bajo (0);43.280836;-6.02444;
0716-04042026;04/04/2026 15:31;Amieva;;43.282495;-5.19473;
1065-05042026;05/04/2026 21:46;Belmonte de Miranda;;43.282569;-6.21837;
0525-07042026;07/04/2026 16:31;Belmonte de Miranda;;43.284386;-6.26379;1
0948-03042026;03/04/2026 19:06;BELMONTE DE MIRANDA;Bajo (0);43.291569;-5.42479;
0580-06042026;06/04/2026 16:46;Piloña;Moderado (1);43.292566;-5.43169;40
0818-06042026;06/04/2026 20:46;Belmonte de Miranda;;43.294777;-6.22945;3
0631-04042026;04/04/2026 14:16;Grado;;43.296176;-6.15011;
0623-07042026;07/04/2026 18:16;Cabrales;;43.303125;-4.81685;
0718-06042026;06/04/2026 19:01;Piloña;;43.304146;-5.40271;
0014-07042026;07/04/2026 0:31;Grado;;43.308191;-6.02449;2
0438-07042026;07/04/2026 14:46;Piloña;Bajo (0);43.311659;-5.23797;3
0569-05042026;05/04/2026 14:31;Peñamellera Alta;;43.316467;-4.72755;5
0230-07042026;07/04/2026 10:31;Peñamellera Alta;;43.316467;-4.72755;
0481-05042026;05/04/2026 12:46;Cabrales;;43.316779;-4.84586;
0602-04042026;04/04/2026 13:46;Piloña;;43.318018;-5.44366;
0836-06042026;06/04/2026 21:01;Piloña;;43.318018;-5.44366;6
0825-07042026;07/04/2026 21:31;Peñamellera Baja;;43.319344;-4.54003;
0014-06042026;06/04/2026 0:31;BELMONTE DE MIRANDA;;43.320529;-6.09706;400
0990-06042026;06/04/2026 23:31;Cangas de Onís;Bajo (0);43.324436;-5.07861;5
0551-07042026;07/04/2026 16:46;Cangas de Onís;;43.324436;-5.07861;
1176-04042026;04/04/2026 21:47;Cabrales;;43.324815;-4.88594;
0418-03042026;03/04/2026 11:46;Tineo;;43.325053;-6.35545;
0504-07042026;07/04/2026 16:01;Oviedo;;43.325458;-5.8263;
0945-07042026;08/04/2026 0:01;Peñamellera Baja;;43.325567;-4.60222;5
0354-07042026;07/04/2026 13:16;Parres;Bajo (0);43.325783;-5.23904;
0648-06042026;06/04/2026 17:46;Langreo;;43.327541;-5.72948;
0902-06042026;06/04/2026 22:01;Cangas de Onís;;43.328319;-5.0146;10
0824-06042026;06/04/2026 20:46;Cabrales;Moderado (1);43.329304;-4.95847;
;02/03/2026 10:20;;;43.330494;-5.114339;
0133-07042026;07/04/2026 6:16;Tineo;;43.330965;-6.469;
0309-06042026;06/04/2026 13:30;Illano;;43.333253;-6.8648;
0079-07042026;07/04/2026 3:16;OVIEDO;;43.333499;-6.01336;
0177-07042026;07/04/2026 8:31;Onís;Bajo (0);43.334766;-4.96813;
0191-07042026;07/04/2026 9:01;Onís;;43.334766;-4.96813;
1090-05042026;05/04/2026 22:31;Onís;;43.334779;-4.95161;12
1005-06042026;07/04/2026 0:01;Onís;;43.334779;-4.95161;2
0005-08042026;08/04/2026 0:16;Cangas de Onís;;43.336144;-5.08937;12
0389-08042026;08/04/2026 14:31;Grado;Bajo (0);43.340026;-6.0595;5
0999-06042026;07/04/2026 0:01;Piloña;Bajo (0);43.340493;-5.33284;8
0901-07042026;07/04/2026 23:01;Cangas de Onís;;43.340775;-5.11223;
0306-07042026;07/04/2026 12:31;Oviedo;;43.345524;-5.97262;
0639-07042026;07/04/2026 18:31;Nava;;43.346521;-5.48394;
0883-05042026;05/04/2026 19:01;Allande;Bajo (0);43.347927;-6.69096;
0445-08042026;08/04/2026 15:46;Cangas de Onís;;43.353332;-4.99362;6
0849-06042026;06/04/2026 21:16;PILOÑA;Moderado (1);43.353885;-5.21549;15
0068-07042026;07/04/2026 2:31;Cangas de Onís;;43.360902;-5.05827;
0152-08042026;08/04/2026 9:32;Cangas de Onís;;43.363291;-5.03851;1
0526-07042026;07/04/2026 16:16;Ribadedeva;;43.363939;-4.57276;65
0268-07042026;07/04/2026 11:16;Oviedo;;43.365973;-5.88831;
0615-07042026;07/04/2026 18:01;Piloña;;43.366861;-5.33219;
0406-08042026;08/04/2026 15:01;Piloña;;43.367568;-5.3138;2
0907-06042026;06/04/2026 22:16;Tineo;Moderado (1);43.368107;-6.40757;4
0335-06042026;06/04/2026 13:30;Grado;;43.368885;-6.12361;
0540-05042026;05/04/2026 13:46;Tineo;;43.372399;-6.36686;3
0988-02042026;02/04/2026 21:16;Siero;;43.381081;-5.7824;
0495-07042026;07/04/2026 15:46;Llanes;;43.384758;-4.70884;
0142-08042026;08/04/2026 8:46;Llanes;Moderado (1);43.391942;-4.80612;
0010-07042026;07/04/2026 0:31;Cangas de Onís;;43.394664;-5.07838;1
0820-07042026;07/04/2026 21:31;Llanes;;43.395278;-4.73612;15
0010-06042026;06/04/2026 0:16;Grado;;43.401071;-6.06965;
0943-05042026;05/04/2026 20:01;Regueras (Las);;43.404106;-5.96903;9
0799-04042026;04/04/2026 16:46;Regueras (Las);;43.407096;-5.99625;4
0876-05042026;05/04/2026 18:46;OVIEDO;;43.408654;-6.94687;
0024-07042026;07/04/2026 0:46;Llanes;;43.428479;-4.80686;
0655-04042026;04/04/2026 14:31;Salas;;43.434616;-6.25553;
0859-07042026;07/04/2026 22:01;Ribadesella;;43.469144;-5.11138;
0982-06042026;06/04/2026 23:31;Gijón;;43.509076;-5.77029;
1064-04042026;04/04/2026 20:16;Corvera de Asturias;;43.528189;-5.88816;
0868-01042026;01/04/2026 23:46;Gijón;;43.538926;-5.66572;
0530-03042026;03/04/2026 13:16;Gijón;;43.538926;-5.66572;
0486-01042026;01/04/2026 17:16;Cudillero;;43.568551;-6.24822;
